Stock1,Stock2,p-value,Cumulative Return,Sharpe Ratio,Annual Return,Annual Volatility,Max Drawdown
QCOM,TSLA,0.008178296405972837,1.4778859998453244,1.6409210938726027,0.15603200153887906,0.09508805884787597,-0.0788647093671262
PM,UNH,0.001566450057095205,1.0335897608008815,1.4099470668454717,0.12222076684397942,0.08668464917440383,-0.07798654395919458
MA,WMT,4.268488638859695e-06,0.8246972217645541,1.292075750762705,0.10360338231639703,0.08018367518718662,-0.07586032876947235
ADBE,CRM,0.0043096162468681245,0.639669191349401,1.2822380613000897,0.08474122891690888,0.06608853026168002,-0.06842441390448883
AMAT,GOOGL,0.009048588310399643,0.7775541754296216,1.2232433501999118,0.09934894353956486,0.08121764448858726,-0.12756245766170515
V,WMT,8.367510185881849e-05,0.7495865956488903,1.2099109088372646,0.09655328224453442,0.07980197677308574,-0.11499948737916244
DHR,TXN,0.006780404938192054,0.4708161857355928,1.1392772192478209,0.06611044125282815,0.058028406199920265,-0.07688686330366434
TSLA,UPS,0.007460429439937447,0.8947628763722337,1.1248735449679441,0.11162117306557474,0.09922997439570477,-0.2546324525836008
ABT,QCOM,0.0007015294427402909,0.5655811272177906,1.112120722509379,0.07726284004982158,0.06947342899562775,-0.07155540287467055
IBM,LLY,0.00044427729800026414,1.1944947146234575,1.0713065290773167,0.13966243846543228,0.1303664587816143,-0.1615119420633344
