entry_z,exit_z,p_cutoff,Sharpe,Cumulative,MaxDD
2.5,0.0,0.001,-0.30363000538274953,-0.09719220008627527,-0.19962719554221553
2.0,0.0,0.001,-0.3518743617898971,-0.11147830121322533,-0.2080931744093013
1.5,0.0,0.001,-0.5363915781524329,-0.1718663453514968,-0.2334018697893866
2.5,0.5,0.001,-0.6247674833379875,-0.17501600885999813,-0.1992177107237899
2.5,0.5,0.01,-0.6426659108246794,-0.16701244390694203,-0.21431668435573492
2.5,0.0,0.01,-0.6475491685498587,-0.1714070233239251,-0.21794531785968263
2.0,0.0,0.01,-0.7360355890237742,-0.19224799819293403,-0.24419095581911843
2.0,0.5,0.01,-0.7781391548021588,-0.19395083874766517,-0.23291229088312837
2.0,0.5,0.001,-0.817786952126204,-0.2199462272494661,-0.251558661878176
1.5,0.5,0.01,-0.8646901445643128,-0.21803150537569027,-0.25627809533832446
1.5,0.5,0.001,-0.887308302334987,-0.2406865320683177,-0.26242647795569274
1.5,0.0,0.01,-0.9490039756856579,-0.25985928353875243,-0.3048730689952853
