Date,Total
2018-01-02,0.0
2018-01-03,-0.0014647676189823602
2018-01-04,0.005087332175120257
2018-01-05,0.0048985170078843735
2018-01-08,-0.008702752767930382
2018-01-09,0.008579217396755153
2018-01-10,0.0004635630195928793
2018-01-11,0.0060029036778999866
2018-01-12,0.001546379357015406
2018-01-16,-0.01122584743819247
2018-01-17,-0.010698642908756483
2018-01-18,-0.0013465236010092702
2018-01-19,-0.000629039891855616
2018-01-22,-0.00031161159534224224
2018-01-23,-0.012316549958288627
2018-01-24,0.014486362993650824
2018-01-25,0.019852615780856595
2018-01-26,-0.018335750563377922
2018-01-29,-0.002125791937266803
2018-01-30,0.004239048034326419
2018-01-31,0.005096209481097069
2018-02-01,0.026668973458803653
2018-02-02,0.0032979120741180373
2018-02-05,0.02583249768329343
2018-02-06,-0.007478703185825556
2018-02-07,-0.007817698994995575
2018-02-08,-0.012894121960129443
2018-02-09,0.01561721658294702
2018-02-12,-0.007087722694714984
2018-02-13,-0.005463296274292448
2018-02-14,0.0006384254627602933
2018-02-15,0.001750208108389355
2018-02-16,-0.003402193967973976
2018-02-20,0.059922467192755034
2018-02-21,0.007181206965594999
2018-02-22,0.00256500542426272
2018-02-23,-0.00511610031812226
2018-02-26,-0.007802142360371066
2018-02-27,0.01597129604659024
2018-02-28,0.010089667678329174
2018-03-01,-0.013088459209538562
2018-03-02,0.0009830377983835415
2018-03-05,0.00169823654005278
2018-03-06,0.011809114232183558
2018-03-07,0.011606150079803333
2018-03-08,-0.0011295576462923313
2018-03-09,0.008631572563214337
2018-03-12,0.003961347636431575
2018-03-13,0.008004729381064658
2018-03-14,0.003771636041507943
2018-03-15,0.0024522134871885573
2018-03-16,0.0028105253699655867
2018-03-19,0.013101170471198714
2018-03-20,0.012770592674706212
2018-03-21,0.001836634149848445
2018-03-22,-0.004173052344239725
2018-03-23,0.007492495979131488
2018-03-26,-0.003953316910412296
2018-03-27,-0.0025225030727329327
2018-03-28,-0.022852113338322624
2018-03-29,0.0015929029412493272
2018-04-02,0.015131031056356945
2018-04-03,-0.003981987221945578
2018-04-04,-0.007074669948605945
2018-04-05,0.000983944416060036
2018-04-06,-0.005956521763920518
2018-04-09,0.0030420375656608663
2018-04-10,0.0006531455538297073
2018-04-11,-0.006517672397857032
2018-04-12,0.005273373923940579
2018-04-13,-0.0091872224709965
2018-04-16,0.004992424278962749
2018-04-17,-0.000534696328573068
2018-04-18,0.028069898229585992
2018-04-19,0.06528424330281694
2018-04-20,0.006850637367058812
2018-04-23,0.002077957492493857
2018-04-24,-0.0011188587501210609
2018-04-25,0.0022925466440577038
2018-04-26,0.001869894723730265
2018-04-27,-0.0012488042437978596
2018-04-30,-0.006263448552387618
2018-05-01,0.004472042014860308
2018-05-02,0.0002918698037962844
2018-05-03,0.00019725087811639638
2018-05-04,-0.0020501157866079454
2018-05-07,0.0019428667400684676
2018-05-08,-0.00334378941192131
2018-05-09,0.0033225356993721506
2018-05-10,0.0013955922173649808
2018-05-11,0.0035491748062881343
2018-05-14,-0.0001692001735494834
2018-05-15,-0.005701010246049744
2018-05-16,-0.002026962838304815
2018-05-17,0.001004107717455659
2018-05-18,0.0022520330948700338
2018-05-21,0.001859598180387615
2018-05-22,-0.0034784978633592123
2018-05-23,-0.001856118676861143
2018-05-24,0.0033605913127419266
2018-05-25,-0.003763579015810844
2018-05-29,-0.003052403268532947
2018-05-30,0.004311519803175115
2018-05-31,-0.002501278145208656
2018-06-01,0.003910562466292591
2018-06-04,0.0035042028793608165
2018-06-05,-0.000830941223338202
2018-06-06,0.0003592340342300747
2018-06-07,-0.004912093493448335
2018-06-08,0.0018239679114095578
2018-06-11,0.0002123103688509079
2018-06-12,-0.0008569164331287365
2018-06-13,6.390049603814554e-05
2018-06-14,0.0012802974987700345
2018-06-15,-0.0016386734579889135
2018-06-18,0.0016192322194409222
2018-06-19,-0.0013625802643593985
2018-06-20,-0.0015554010156557032
2018-06-21,-0.0023195769240044873
2018-06-22,0.0020222512946701044
2018-06-25,-0.0025555456735395095
2018-06-26,0.002237847978449419
2018-06-27,0.002225873098543299
2018-06-28,0.002487190777703331
2018-06-29,-0.002488749369960242
2018-07-02,-0.00013583352861211588
2018-07-03,0.0016195271338206403
2018-07-05,-0.00351762141788342
2018-07-06,0.0036955343306531076
2018-07-09,0.0010982986379890205
2018-07-10,0.0012338070612638804
2018-07-11,0.0020335094092680944
2018-07-12,-0.0005349907253922107
2018-07-13,0.0017892519197485704
2018-07-16,-0.007951434713497966
2018-07-17,0.004587816976209994
2018-07-18,0.012811864454264067
2018-07-19,-0.007946892093829946
2018-07-20,-0.0005876727036021546
2018-07-23,-0.002313956737216979
2018-07-24,0.008340178638488505
2018-07-25,0.003354862210545103
2018-07-26,-0.011056981980913918
2018-07-27,0.00042023663352729545
2018-07-30,0.0015836738842448898
2018-07-31,-0.004450254603547445
2018-08-01,-0.005660567292238978
2018-08-02,-0.0026536811475968607
2018-08-03,0.0020194012733845317
2018-08-06,-0.001029561714844244
2018-08-07,-0.0021975187290546433
2018-08-08,0.0015585230726310052
2018-08-09,-0.0009983229517707705
2018-08-10,-0.002991610522933766
2018-08-13,-0.0038555148214478425
2018-08-14,-0.0006903080370243902
2018-08-15,-0.0018381057514662796
2018-08-16,0.004092826358401728
2018-08-17,0.002543487863449097
2018-08-20,-0.000836365660957696
2018-08-21,-0.0005964704242108871
2018-08-22,0.004850170931229391
2018-08-23,0.0009444135739591788
2018-08-24,0.0007450482734517635
2018-08-27,0.004044467632433955
2018-08-28,-0.008393890703072025
2018-08-29,0.004067415271315703
2018-08-30,0.0028146333539364496
2018-08-31,-0.003023866228521
2018-09-04,-0.004609076508309378
2018-09-05,-0.010050519052222052
2018-09-06,0.0006971610429097017
2018-09-07,0.0023329450946358034
2018-09-10,-0.0043339315954768545
2018-09-11,-0.00031894518239960665
2018-09-12,0.004875765446149842
2018-09-13,0.00010775805824854812
2018-09-14,-0.0021086253469011565
2018-09-17,0.001443849098073307
2018-09-18,-0.00027092834682328464
2018-09-19,0.002773186649916601
2018-09-20,2.7654811203826588e-05
2018-09-21,0.004648768594703015
2018-09-24,0.015494962856102707
2018-09-25,0.007606340851048599
2018-09-26,0.007315869931946049
2018-09-27,0.0013037999004731626
2018-09-28,0.001078461366851214
2018-10-01,0.002895365493560291
2018-10-02,-0.004463373112724773
2018-10-03,-0.008806553305117515
2018-10-04,-0.0005208097517447654
2018-10-05,0.0023930780757214637
2018-10-08,5.11527812972695e-05
2018-10-09,0.0017254307576331967
2018-10-10,-0.0036088659389564397
2018-10-11,0.004741380551853005
2018-10-12,0.007800053937561383
2018-10-15,-0.0035942485859821443
2018-10-16,0.007753535681526213
2018-10-17,-0.00036993411168794864
2018-10-18,0.0
2018-10-19,0.0
2018-10-22,0.0
2018-10-23,0.0
2018-10-24,0.0
2018-10-25,0.0
2018-10-26,0.0
2018-10-29,0.0
2018-10-30,0.0
2018-10-31,-0.00011911220659986143
2018-11-01,0.0035517821188119016
2018-11-02,-0.0024787736047660906
2018-11-05,0.0096911215703088
2018-11-06,0.00858236466845031
2018-11-07,0.0031085274644694844
2018-11-08,0.0001646976999144866
2018-11-09,-0.0001911183584184051
2018-11-12,-0.006748057816782679
2018-11-13,7.68776367607202e-05
2018-11-14,-0.0010088985427709719
2018-11-15,0.002376634092842035
2018-11-16,-0.00013424989656793745
2018-11-19,-0.0036401941943595357
2018-11-20,-0.007323874964992268
2018-11-21,0.004051777902745039
2018-11-23,-0.003562052333244367
2018-11-26,0.005948165772511252
2018-11-27,0.0006412007903664437
2018-11-28,0.00691932200966628
2018-11-29,-0.0041360883465667965
2018-11-30,0.006386202611980602
2018-12-03,0.002583763267066664
2018-12-04,-0.008542281696685071
2018-12-06,0.005853854416323927
2018-12-07,-0.010578964807594328
2018-12-10,0.00424790640350866
2018-12-11,-0.0007024592263290701
2018-12-12,0.0007065121730087399
2018-12-13,-0.0011989793427490012
2018-12-14,-0.001221012749653142
2018-12-17,-0.008326674893137953
2018-12-18,0.0018657296397163352
2018-12-19,-0.0012648929764278113
2018-12-20,-0.008412492416297561
2018-12-21,-0.00517279662215823
2018-12-24,-0.007702547070723556
2018-12-26,0.008605771236837912
2018-12-27,0.00545290410658732
2018-12-28,0.00016990671128917475
2018-12-31,-0.003021846635820575
2019-01-02,0.009999167856068998
2019-01-03,-0.00464420771349985
2019-01-04,0.022901623971031477
2019-01-07,-0.008436118397519284
2019-01-08,0.004017872241093138
2019-01-09,0.0018539129630918913
2019-01-10,0.0034517528981273743
2019-01-11,0.003776568106802423
2019-01-14,-0.0018915739796267392
2019-01-15,0.0014269685263005026
2019-01-16,-0.0017996016728680187
2019-01-17,0.010107534678488002
2019-01-18,0.007240991557536827
2019-01-22,-0.008076799028375416
2019-01-23,0.02989960035729657
2019-01-24,-0.010823067829802692
2019-01-25,0.00794882306445095
2019-01-28,0.008197334626746757
2019-01-29,-6.351871304275999e-05
2019-01-30,-0.0015098621302984177
2019-01-31,0.010651905164091188
2019-02-01,-0.00376357616239494
2019-02-04,0.0018165564422880959
2019-02-05,2.328238028071893e-05
2019-02-06,-0.003349406257136319
2019-02-07,0.006048800869260959
2019-02-08,0.019615746639047908
2019-02-11,-0.0014896860973338214
2019-02-12,0.0034380521030643214
2019-02-13,0.0031144409029609053
2019-02-14,-0.000292681117485204
2019-02-15,0.0
2019-02-19,0.0
2019-02-20,0.0
2019-02-21,0.0
2019-02-22,0.0
2019-02-25,0.0
2019-02-26,0.0
2019-02-27,0.0
2019-02-28,0.0
2019-03-01,0.0
2019-03-04,0.0
2019-03-05,0.0
2019-03-06,0.0
2019-03-07,0.0
2019-03-08,0.0
2019-03-11,0.0
2019-03-12,0.0
2019-03-13,0.0
2019-03-14,0.0
2019-03-15,0.0
2019-03-18,0.0
2019-03-19,0.0
2019-03-20,0.0
2019-03-21,0.0
2019-03-22,0.0
2019-03-25,0.0
2019-03-26,0.0
2019-03-27,0.0
2019-03-28,0.0
2019-03-29,0.0
2019-04-01,0.0
2019-04-02,0.0
2019-04-03,0.0
2019-04-04,0.0
2019-04-05,0.0
2019-04-08,0.0
2019-04-09,0.0
2019-04-10,0.0
2019-04-11,0.0
2019-04-12,0.0
2019-04-15,0.0
2019-04-16,0.0
2019-04-17,0.0
2019-04-18,0.0
2019-04-22,0.0
2019-04-23,0.0
2019-04-24,0.0
2019-04-25,0.0
2019-04-26,0.0
2019-04-29,0.0
2019-04-30,0.0
2019-05-01,0.0
2019-05-02,0.0
2019-05-03,0.0
2019-05-06,0.0
2019-05-07,0.0
2019-05-08,0.0
2019-05-09,0.0
2019-05-10,0.0
2019-05-13,0.0
2019-05-14,0.0
2019-05-15,0.0
2019-05-16,0.0
2019-05-17,0.0
2019-05-20,0.0
2019-05-21,0.0
2019-05-22,0.0
2019-05-23,0.0
2019-05-24,0.0
2019-05-28,0.0
2019-05-29,0.0
2019-05-30,0.0
2019-05-31,0.0
2019-06-03,0.0
2019-06-04,0.0
2019-06-05,0.0
2019-06-06,0.0
2019-06-07,0.0
2019-06-10,0.0
2019-06-11,0.0
2019-06-12,0.0
2019-06-13,0.0
2019-06-14,0.0
2019-06-17,0.0
2019-06-18,0.0
2019-06-19,0.0
2019-06-20,0.0
2019-06-21,0.0
2019-06-24,0.0
2019-06-25,0.0
2019-06-26,0.0
2019-06-27,0.0
2019-06-28,0.0
2019-07-01,0.0
2019-07-02,0.0
2019-07-03,0.0
2019-07-05,0.0
2019-07-08,0.0
2019-07-09,0.0
2019-07-10,0.0
2019-07-11,0.0
2019-07-12,0.0
2019-07-15,0.0
2019-07-16,0.0
2019-07-17,0.0
2019-07-18,0.0
2019-07-19,0.0
2019-07-22,0.0
2019-07-23,0.0
2019-07-24,0.0
2019-07-25,0.0
2019-07-26,0.0
2019-07-29,0.0
2019-07-30,0.0
2019-07-31,0.0
2019-08-01,0.0
2019-08-02,0.0
2019-08-05,0.0
2019-08-06,0.0
2019-08-07,0.0
2019-08-08,0.0
2019-08-09,0.0
2019-08-12,0.0
2019-08-13,0.0
2019-08-14,0.0
2019-08-15,0.0
2019-08-16,0.0
2019-08-19,0.0
2019-08-20,0.0
2019-08-21,0.0
2019-08-22,0.0
2019-08-23,0.0
2019-08-26,0.0
2019-08-27,0.0
2019-08-28,0.0
2019-08-29,0.0
2019-08-30,0.0
2019-09-03,0.0
2019-09-04,0.0
2019-09-05,0.0
2019-09-06,0.0
2019-09-09,0.0
2019-09-10,0.0
2019-09-11,0.0
2019-09-12,0.0
2019-09-13,0.0
2019-09-16,0.0
2019-09-17,0.0
2019-09-18,0.0
2019-09-19,0.0
2019-09-20,0.0
2019-09-23,0.0
2019-09-24,0.0
2019-09-25,0.0
2019-09-26,0.0
2019-09-27,0.0
2019-09-30,0.0
2019-10-01,0.0
2019-10-02,0.0
2019-10-03,0.0
2019-10-04,0.0
2019-10-07,0.0
2019-10-08,0.0
2019-10-09,0.0
2019-10-10,0.0
2019-10-11,0.0
2019-10-14,0.0
2019-10-15,0.0
2019-10-16,0.0
2019-10-17,0.0
2019-10-18,0.0
2019-10-21,0.0
2019-10-22,0.0
2019-10-23,0.0
2019-10-24,0.0
2019-10-25,0.0
2019-10-28,0.0
2019-10-29,0.0
2019-10-30,0.0
2019-10-31,0.0
2019-11-01,0.0
2019-11-04,0.0
2019-11-05,0.0
2019-11-06,0.0
2019-11-07,0.0
2019-11-08,0.0
2019-11-11,0.0
2019-11-12,0.0
2019-11-13,0.0
2019-11-14,0.0
2019-11-15,0.0
2019-11-18,0.0
2019-11-19,0.0
2019-11-20,0.0
2019-11-21,0.0
2019-11-22,0.0
2019-11-25,0.0
2019-11-26,0.0
2019-11-27,0.0
2019-11-29,0.0
2019-12-02,0.0
2019-12-03,0.0
2019-12-04,0.0
2019-12-05,0.0
2019-12-06,0.0
2019-12-09,0.0
2019-12-10,0.0
2019-12-11,0.0
2019-12-12,0.0
2019-12-13,0.0
2019-12-16,0.0
2019-12-17,0.0
2019-12-18,0.0
2019-12-19,0.0
2019-12-20,0.0
2019-12-23,0.0
2019-12-24,0.0
2019-12-26,0.0
2019-12-27,0.0
2019-12-30,0.0
2019-12-31,0.0
2020-01-02,0.0
2020-01-03,0.0
2020-01-06,0.0
2020-01-07,0.0
2020-01-08,0.0
2020-01-09,0.0
2020-01-10,0.0
2020-01-13,0.0
2020-01-14,0.0
2020-01-15,0.0
2020-01-16,0.0
2020-01-17,0.0
2020-01-21,-0.0001791145711775436
2020-01-22,-0.0007170122012915434
2020-01-23,0.00019002588869805826
2020-01-24,-0.002624678374257019
2020-01-27,0.01701521884200969
2020-01-28,-0.0022673599887021384
2020-01-29,-0.005701579886368517
2020-01-30,-0.005203577561377852
2020-01-31,0.011112550810750792
2020-02-03,-0.010268781198595815
2020-02-04,-0.0035380215343214696
2020-02-05,0.007860473428203143
2020-02-06,-0.003103816822996505
2020-02-07,0.0028096080880936325
2020-02-10,-0.011953798663407926
2020-02-11,0.0029175511171282194
2020-02-12,-0.005640097807891891
2020-02-13,0.006075913472797763
2020-02-14,0.00021310781009514722
2020-02-18,0.00458002845674098
2020-02-19,-0.012539590050587631
2020-02-20,0.0022009762981175297
2020-02-21,0.013200689172817196
2020-02-24,0.02181818465516086
2020-02-25,0.031875910797148674
2020-02-26,0.006255782932464948
2020-02-27,0.017296396299517666
2020-02-28,-0.01686134606831824
2020-03-02,0.0050012399624918685
2020-03-03,0.008976368099278336
2020-03-04,-0.00458383504798124
2020-03-05,0.015883714377831683
2020-03-06,0.011704923347978208
2020-03-09,0.017502996364188284
2020-03-10,-0.0002654021258053855
2020-03-11,0.0
2020-03-12,0.0
2020-03-13,0.009543731110396369
2020-03-16,-0.019527645803610365
2020-03-17,0.016513004749761313
2020-03-18,-0.007827516335388413
2020-03-19,0.011050171230143235
2020-03-20,-0.007956503529715048
2020-03-23,-0.02784418784158258
2020-03-24,0.09180123252833877
2020-03-25,0.0613162547392455
2020-03-26,0.013996906739662522
2020-03-27,-0.012548087659742243
2020-03-30,0.011148914172220891
2020-03-31,-0.004914488230367612
2020-04-01,-0.013587958874353837
2020-04-02,0.010881937636791714
2020-04-03,-0.008344349672200636
2020-04-06,0.03406486368059563
2020-04-07,0.0079181989698905
2020-04-08,0.020267157975060818
2020-04-09,0.003863036087904192
2020-04-13,-0.015740181362299297
2020-04-14,0.00589239933625018
2020-04-15,-0.026518702906899727
2020-04-16,-0.03802523536009696
2020-04-17,0.031033341181025957
2020-04-20,-0.017107881157617882
2020-04-21,-0.005022860079143256
2020-04-22,0.014512030183162114
2020-04-23,0.020503325336247335
2020-04-24,0.012424148366740233
2020-04-27,0.016097156821104703
2020-04-28,0.015380558273318157
2020-04-29,0.0616686643327348
2020-04-30,-0.008272503027718441
2020-05-01,-0.0065670102542494
2020-05-04,-0.00020750400771681163
2020-05-05,-0.00813449996079646
2020-05-06,0.01302940986840686
2020-05-07,-0.012266523616692272
2020-05-08,0.009629949817037074
2020-05-11,-0.012736768932724175
2020-05-12,-0.0008625503324406652
2020-05-13,-0.005714608456675648
2020-05-14,0.008762354985146513
2020-05-15,-0.00284773061847604
2020-05-18,0.020998765229530873
2020-05-19,0.00505627476126928
2020-05-20,0.01106864918058122
2020-05-21,-0.012234120727815666
2020-05-22,-0.006431889794890631
2020-05-26,0.02131452429919791
2020-05-27,0.010974990838021094
2020-05-28,-0.014343671785762777
2020-05-29,-0.006458581361550811
2020-06-01,0.006932634089940136
2020-06-02,0.015001079421859229
2020-06-03,0.016416815997416803
2020-06-04,0.02610100353527324
2020-06-05,-0.004618141940795975
2020-06-08,0.009303793011302061
2020-06-09,-0.009024761086331122
2020-06-10,-0.0003917202250936842
2020-06-11,-0.005375093807713765
2020-06-12,-0.004489370680241091
2020-06-15,0.007346869911525959
2020-06-16,0.007335551385336528
2020-06-17,-0.0023318898790272934
2020-06-18,0.0028938119899328363
2020-06-19,-0.006145365474304021
2020-06-22,-0.0015117296247536519
2020-06-23,-0.00520509312172179
2020-06-24,-0.0017440142733083268
2020-06-25,-0.0012261822476871702
2020-06-26,-0.003057461210926477
2020-06-29,0.005874644182919891
2020-06-30,-0.004893181911463902
2020-07-01,-0.0018434429080673455
2020-07-02,0.0018456057506786583
2020-07-06,-0.0018600967117315802
2020-07-07,0.0140164582131348
2020-07-08,-0.003847329416668325
2020-07-09,-0.005868009838162859
2020-07-10,0.012780069645853168
2020-07-13,-0.0021980596822464464
2020-07-14,-0.0011519245147427794
2020-07-15,0.005578068465671583
2020-07-16,-9.894152303696597e-05
2020-07-17,-0.0011144682764701011
2020-07-20,-0.008043068103351354
2020-07-21,0.012867823834848927
2020-07-22,-0.0005141697389783244
2020-07-23,0.0034157130612742824
2020-07-24,0.003696102739474513
2020-07-27,0.008883551384090815
2020-07-28,-0.0033205787560850217
2020-07-29,-0.001794487027438331
2020-07-30,-0.0034773753807003627
2020-07-31,-0.0015648456532814715
2020-08-03,-0.001728077410684465
2020-08-04,0.002102687579673519
2020-08-05,-0.005009344697753039
2020-08-06,-0.00014512982235596915
2020-08-07,9.777950445400592e-05
2020-08-10,0.0028190205269438273
2020-08-11,0.003538628791538918
2020-08-12,0.0007221944211837889
2020-08-13,-0.006634119084901262
2020-08-14,-0.0031506955075142847
2020-08-17,0.004250247702384738
2020-08-18,0.0062120951807909525
2020-08-19,-0.0014083152736508997
2020-08-20,-0.0010460643029281062
2020-08-21,-0.0011718633948502944
2020-08-24,0.010044625927072157
2020-08-25,-0.0018999865277839296
2020-08-26,0.003501947449100706
2020-08-27,-0.015895185710009023
2020-08-28,0.011682824813266948
2020-08-31,-0.006862178685190248
2020-09-01,-0.007588883669953067
2020-09-02,0.008795234324554348
2020-09-03,0.00152261844674052
2020-09-04,0.007269455405368098
2020-09-08,0.004902254833399908
2020-09-09,0.0004711023136390847
2020-09-10,0.005689711500330145
2020-09-11,0.0035122078736511747
2020-09-14,0.0026429523449468012
2020-09-15,-0.0007764596461805953
2020-09-16,-0.00952504119133545
2020-09-17,0.00724259756162565
2020-09-18,-0.0010799266173780375
2020-09-21,0.0010639250466013583
2020-09-22,0.0019933952748778915
2020-09-23,0.007443979671863259
2020-09-24,-0.003459006497671607
2020-09-25,-0.0007996016142823233
2020-09-28,-0.0008281259188120764
2020-09-29,-0.000626235538633877
2020-09-30,-0.004609423613589369
2020-10-01,0.0017518578042210974
2020-10-02,-0.0029092609874071477
2020-10-05,-0.00112698876767505
2020-10-06,-0.0019349854231753198
2020-10-07,-0.005964361448734884
2020-10-08,-0.0015326132673782428
2020-10-09,-0.002010072007759479
2020-10-12,0.002963229105400451
2020-10-13,0.002033638695968193
2020-10-14,0.002600771242578714
2020-10-15,0.0028483925156891016
2020-10-16,-0.00026037021459773076
2020-10-19,0.0008612149506887427
2020-10-20,-0.0015804997075638616
2020-10-21,0.0029930965034526504
2020-10-22,-0.0001663705611697515
2020-10-23,0.0013326078464494617
2020-10-26,0.004625966346627825
2020-10-27,-0.009318707616804386
2020-10-28,0.0048735031714028125
2020-10-29,0.01437658487593772
2020-10-30,0.004852697053879703
2020-11-02,0.0024609294063331435
2020-11-03,0.0011090378432667756
2020-11-04,0.007759002680125821
2020-11-05,0.0034724990887638465
2020-11-06,-0.01160047028582514
2020-11-09,0.05488694109417803
2020-11-10,0.02440328501245139
2020-11-11,-0.015527446790975868
2020-11-12,0.001131971493688651
2020-11-13,0.012679210918713026
2020-11-16,-0.0010368841038655614
2020-11-17,0.0028121365293031137
2020-11-18,0.006022160729468881
2020-11-19,-0.0010349400560545566
2020-11-20,0.005044794521157601
2020-11-23,0.01942694694590584
2020-11-24,0.015589494791567595
2020-11-25,0.028301504495505184
2020-11-27,-0.0006197565324785263
2020-11-30,-0.00780278785774492
2020-12-01,0.004625100266119983
2020-12-02,0.02893275295351935
2020-12-03,0.00632291337678159
2020-12-04,-0.006320663229893875
2020-12-07,0.009629246439838517
2020-12-08,0.0016674240661984506
2020-12-09,0.009122568544904378
2020-12-10,0.0059150160931145425
2020-12-11,0.039000906544021045
2020-12-14,-0.0018279255080802422
2020-12-15,-0.006725152143148278
2020-12-16,-0.007382433879033777
2020-12-17,0.011818688141019535
2020-12-18,0.016027698946650435
2020-12-21,-0.009593143688163545
2020-12-22,0.0002890184804451256
2020-12-23,-0.003583318277434568
2020-12-24,-0.0006109142563073689
2020-12-28,0.0024424489686863493
2020-12-29,-0.0005772719656788024
2020-12-30,0.0009519821266047419
2020-12-31,-0.00314860018543261
2021-01-04,0.017440298217430372
2021-01-05,-0.008862462311195224
2021-01-06,0.007957755118576203
2021-01-07,-0.0006974271140076017
2021-01-08,-0.004043872459038619
2021-01-11,0.01730253773789294
2021-01-12,-0.008277693790272347
2021-01-13,0.0029285013037250993
2021-01-14,-0.008312194601520053
2021-01-15,0.012369189545005613
2021-01-19,-0.020391894172895334
2021-01-20,0.020241393597742723
2021-01-21,0.0017221366320162757
2021-01-22,0.006232609250417782
2021-01-25,-0.004524834491604482
2021-01-26,0.009724516685546502
2021-01-27,0.013991775373390974
2021-01-28,0.01900756234156555
2021-01-29,0.011431613167871212
2021-02-01,-0.008892306101405416
2021-02-02,-0.002604989784406411
2021-02-03,0.03096926935003805
2021-02-04,0.004352426856918976
2021-02-05,0.00258623920772674
2021-02-08,-0.003593373859831544
2021-02-09,0.007751736147570607
2021-02-10,0.007193187523142595
2021-02-11,-0.006026266470929149
2021-02-12,0.0005568910061589359
2021-02-16,0.0017312266902432855
2021-02-17,-0.0015189099694865797
2021-02-18,0.003928747088250288
2021-02-19,0.0004463483239540575
2021-02-22,0.015658333711075046
2021-02-23,0.0021223038047624237
2021-02-24,-0.010203331148006051
2021-02-25,0.00878525986521429
2021-02-26,0.0018933535111118273
2021-03-01,-0.0036195591084909424
2021-03-02,0.00659258570296002
2021-03-03,0.0056034863340816655
2021-03-04,0.012618808881867529
2021-03-05,0.007128010324704552
2021-03-08,-0.010075285730017525
2021-03-09,-0.0018032567256265424
2021-03-10,0.002443644638466329
2021-03-11,-0.0019452882122845292
2021-03-12,0.00474853762226106
2021-03-15,-0.0005938470407449865
2021-03-16,-0.0004991323005943733
2021-03-17,-0.007331403519635712
2021-03-18,0.019030804127345716
2021-03-19,0.01331239301062983
2021-03-22,-0.006744232803544126
2021-03-23,0.004194195151849551
2021-03-24,-0.0060094072886417585
2021-03-25,0.00284247981349721
2021-03-26,-0.0166789807251349
2021-03-29,0.018387034791320183
2021-03-30,-0.004530160626032899
2021-03-31,-0.014000701031385301
2021-04-01,-0.019317968977723244
2021-04-05,0.0018685786747831567
2021-04-06,0.01114871283928178
2021-04-07,0.004567753340689765
2021-04-08,-0.004374795540099283
2021-04-09,0.003835097043817303
2021-04-12,0.013600215361135592
2021-04-13,0.01330203125938103
2021-04-14,-0.004401024613467551
2021-04-15,0.00013619368039261261
2021-04-16,0.005192108742017384
2021-04-19,0.01621600274981284
2021-04-20,0.012498242843228723
2021-04-21,-0.020162529839306328
2021-04-22,0.016439279898743935
2021-04-23,-0.000953736516416544
2021-04-26,-0.014627137489020284
2021-04-27,0.0009330132902267131
2021-04-28,0.022798178616062342
2021-04-29,0.011405148631303756
2021-04-30,0.0053956401854481
2021-05-03,0.004218173160330613
2021-05-04,0.0030962139985172632
2021-05-05,0.0023952846207452023
2021-05-06,-0.002462100934174482
2021-05-07,-0.001962284603309467
2021-05-10,0.014933626567735765
2021-05-11,-0.003484365681087266
2021-05-12,0.00843129180062618
2021-05-13,0.0015268412622432186
2021-05-14,0.001968960790257831
2021-05-17,-0.003058722540035942
2021-05-18,0.008796739835782223
2021-05-19,-0.0018963447118125042
2021-05-20,0.0015511954634880225
2021-05-21,-0.0008094552515187688
2021-05-24,-0.00033156830261988664
2021-05-25,0.006740450009473252
2021-05-26,0.0023364031775739676
2021-05-27,0.0032076725353248486
2021-05-28,-0.001991120809746337
2021-06-01,0.0014047131355168663
2021-06-02,-0.006940616633665587
2021-06-03,0.006283649190336603
2021-06-04,-0.0027325924473221206
2021-06-07,-0.0014277475697949983
2021-06-08,0.004859075041567579
2021-06-09,0.012552321493817622
2021-06-10,0.0031315711538550213
2021-06-11,0.00010809598431651355
2021-06-14,0.00033334902977047453
2021-06-15,-0.006353089574835118
2021-06-16,0.0030331826544465336
2021-06-17,0.018826529183822053
2021-06-18,0.007033653418909417
2021-06-21,-0.009736210551565472
2021-06-22,-0.002405322141849168
2021-06-23,0.011875546400414402
2021-06-24,0.002901022489547051
2021-06-25,0.0001881296858424976
2021-06-28,0.013965121965283316
2021-06-29,-0.009886176593515357
2021-06-30,0.01645316159915818
2021-07-01,-0.014512304088494327
2021-07-02,-0.00585637608893316
2021-07-06,-0.005826033889847035
2021-07-07,-0.006708761356067041
2021-07-08,0.010251769183079538
2021-07-09,-0.003298856802588834
2021-07-12,0.00443283104521377
2021-07-13,-0.009274106788283401
2021-07-14,-0.008871293202509267
2021-07-15,-0.004507856922226165
2021-07-16,0.004112254692114911
2021-07-19,0.02121089167428005
2021-07-20,-0.005063315824023695
2021-07-21,-0.008205003171877404
2021-07-22,-0.0038264575632139227
2021-07-23,-0.007981082453172167
2021-07-26,0.00475118416450148
2021-07-27,0.018506482348361195
2021-07-28,0.011778584384285147
2021-07-29,0.002074861520382567
2021-07-30,0.004448663693901546
2021-08-02,0.013445403248279935
2021-08-03,0.013483601044643145
2021-08-04,-0.003082382424104593
2021-08-05,0.0022764175898666193
2021-08-06,-0.00393405301983522
2021-08-09,0.005308948595248348
2021-08-10,0.014455200664028759
2021-08-11,0.005260689135741143
2021-08-12,0.002696267535928758
2021-08-13,-0.00022010738476652608
2021-08-16,-0.0011113774623189617
2021-08-17,0.0008587413158486828
2021-08-18,0.001646061421430759
2021-08-19,-0.0028350251731491132
2021-08-20,-0.0019611389889577814
2021-08-23,0.008662440047811934
2021-08-24,-0.002166882169518636
2021-08-25,0.0017430246546423938
2021-08-26,0.0009493324702739545
2021-08-27,0.00419615806536631
2021-08-30,-0.006436118539379736
2021-08-31,0.0019433198166185063
2021-09-01,-0.008577866537613079
2021-09-02,-0.0018774037980980552
2021-09-03,-0.00011961682268353187
2021-09-07,0.0016518973559894216
2021-09-08,-0.0017769225022652324
2021-09-09,0.0015297081553309556
2021-09-10,0.002537633578890681
2021-09-13,0.01494970504730226
2021-09-14,-0.0005178567140037538
2021-09-15,0.0033614433100184727
2021-09-16,-2.022396254124592e-05
2021-09-17,-0.0016186669943313735
2021-09-20,-0.0026039971600899793
2021-09-21,-0.002258456602613809
2021-09-22,0.009646960521179112
2021-09-23,0.0038631699666473694
2021-09-24,0.006984365044639871
2021-09-27,0.018470578184392385
2021-09-28,0.001446349635331475
2021-09-29,-0.0034828575193054496
2021-09-30,0.003425076298343828
2021-10-01,0.002268183149858077
2021-10-04,0.0016560226355464077
2021-10-05,0.00034575717583958554
2021-10-06,-0.0009362139835350398
2021-10-07,-0.004530835239457831
2021-10-08,-0.0034976970425033903
2021-10-11,0.005473955012623142
2021-10-12,-0.0006180108075137803
2021-10-13,0.004353674644344275
2021-10-14,0.001784585595929291
2021-10-15,0.0014891118660903988
2021-10-18,0.001700255473431693
2021-10-19,-0.0023722103982851523
2021-10-20,-0.010242461863398085
2021-10-21,-0.004989244042477995
2021-10-22,0.00596383157615577
2021-10-25,0.0008708479915777527
2021-10-26,-0.013554238630499208
2021-10-27,-0.01895297640325936
2021-10-28,0.007900387377199992
2021-10-29,-0.015591747732101063
2021-11-01,0.002042270294458113
2021-11-02,0.013294473456775554
2021-11-03,-0.0019399544762121854
2021-11-04,0.055394451788089244
2021-11-05,0.03791878733780029
2021-11-08,0.022279390781814394
2021-11-09,0.0504438989347366
2021-11-10,-0.005492831357022326
2021-11-11,0.002483374378907879
2021-11-12,0.004494136920548112
2021-11-15,0.0012383622403290065
2021-11-16,-0.0059418726640818155
2021-11-17,-0.009639973987287635
2021-11-18,-0.0015429935999843737
2021-11-19,-0.00400402466788581
2021-11-22,-0.00038259543361321815
2021-11-23,0.008340892823178835
2021-11-24,-0.004736347541575578
2021-11-26,0.0017305965739121312
2021-11-29,-0.009150275653949498
2021-11-30,-0.00824411805540959
2021-12-01,0.0030758550898250104
2021-12-02,0.01324403435552319
2021-12-03,0.034278410260554636
2021-12-06,0.0004802706601011306
2021-12-07,-0.005897851541538076
2021-12-08,-0.0058355562178796175
2021-12-09,0.019692171870360934
2021-12-10,-0.007187980380279259
2021-12-13,0.002814537055751737
2021-12-14,0.005978339934310954
2021-12-15,-0.0021937541277140134
2021-12-16,0.04029060347016289
2021-12-17,0.002253094547471896
2021-12-20,-0.004768166646944428
2021-12-21,0.001617279249190664
2021-12-22,0.008061089154547195
2021-12-23,0.0068480469415328656
2021-12-27,-0.0011451422825270393
2021-12-28,0.0013722452932703674
2021-12-29,-0.002360092786865507
2021-12-30,0.0026550069061685444
2021-12-31,-0.004976695138359426
2022-01-03,0.034386423283384066
2022-01-04,0.020033753390198958
2022-01-05,0.0005801021186465893
2022-01-06,0.006993834075966644
2022-01-07,0.0015633659556319093
2022-01-10,-0.012222593003170306
2022-01-11,-0.0005357821647658182
2022-01-12,-0.004674840345017854
2022-01-13,0.021241974619380304
2022-01-14,-0.00267627131001041
2022-01-18,-0.0022689920182118613
2022-01-19,-0.0030168279631428803
2022-01-20,-0.006842513426079602
2022-01-21,0.01418077684088798
2022-01-24,0.01322381832421047
2022-01-25,-0.0032778288601548688
2022-01-26,0.006910874656905304
2022-01-27,0.011350179900950847
2022-01-28,-0.0002003142794864353
2022-01-31,0.0
2022-02-01,0.0
2022-02-02,0.0
2022-02-03,0.015470844136063948
2022-02-04,0.006732231902623464
2022-02-07,0.005663328877432522
2022-02-08,-0.0017648341269118632
2022-02-09,-0.011577382980403486
2022-02-10,0.012365250736245559
2022-02-11,0.008950007839525004
2022-02-14,-0.0035212337064564896
2022-02-15,-0.008633678392342494
2022-02-16,-0.0017251474745091813
2022-02-17,0.013102174525329177
2022-02-18,-0.0033681018750245885
2022-02-22,0.0022338891466172793
2022-02-23,-0.001247043142638532
2022-02-24,0.004857398363185464
2022-02-25,-1.1705841347395685e-05
2022-02-28,0.02317087949573903
2022-03-01,0.023310079737696998
2022-03-02,-0.007464017377572277
2022-03-03,8.787468730204163e-05
2022-03-04,0.015976662747819337
2022-03-07,0.012903164230007782
2022-03-08,0.002116594029247844
2022-03-09,-0.00020892481141301757
2022-03-10,0.0
2022-03-11,0.0
2022-03-14,0.0
2022-03-15,0.0
2022-03-16,0.0
2022-03-17,0.0
2022-03-18,0.0
2022-03-21,0.0
2022-03-22,0.0
2022-03-23,0.0
2022-03-24,0.0
2022-03-25,0.0
2022-03-28,0.0
2022-03-29,0.0
2022-03-30,0.0
2022-03-31,0.0
2022-04-01,0.0
2022-04-04,0.0
2022-04-05,-0.008682992866410215
2022-04-06,0.008540009800891217
2022-04-07,0.00042388269838924877
2022-04-08,0.005912568906754748
2022-04-11,0.017952498298601075
2022-04-12,-0.006577044818608945
2022-04-13,-0.004168261380725558
2022-04-14,0.0066291276993179545
2022-04-18,-0.003083832588566667
2022-04-19,-0.0022844080943973982
2022-04-20,0.02191899518449832
2022-04-21,-0.017263684312720313
2022-04-22,-0.0003363313862353876
2022-04-25,0.009477970016373993
2022-04-26,0.022264859971896027
2022-04-27,0.03178189148900942
2022-04-28,0.034912424396720376
2022-04-29,-0.01315631126657069
2022-05-02,-0.008331052513872972
2022-05-03,-0.006321448476447661
2022-05-04,0.0011243858584511826
2022-05-05,0.0030594770864719786
2022-05-06,0.0039923675904165205
2022-05-09,-0.0039118332156606065
2022-05-10,0.0013575734065549895
2022-05-11,0.008523914645654976
2022-05-12,0.00628996531714909
2022-05-13,0.007177052157122672
2022-05-16,-0.0009702649751796515
2022-05-17,0.0438622224831296
2022-05-18,-0.0005200412835400098
2022-05-19,0.0
2022-05-20,0.0
2022-05-23,0.0
2022-05-24,0.0
2022-05-25,0.0
2022-05-26,0.0
2022-05-27,0.0
2022-05-31,-0.0010986017050355137
2022-06-01,0.029158000696010197
2022-06-02,0.006214552053166841
2022-06-03,0.0012495629752542145
2022-06-06,-0.006261511830177036
2022-06-07,-0.0003892719487780574
2022-06-08,0.006398267943056396
2022-06-09,0.00499460574105238
2022-06-10,0.019101173235806637
2022-06-13,0.006284917256519424
2022-06-14,-0.0016951698397080954
2022-06-15,-0.0025912501907379938
2022-06-16,0.014907717878102822
2022-06-17,-0.006094291249299492
2022-06-21,0.0027499021815320045
2022-06-22,-0.0020284955350516718
2022-06-23,0.005410672389757114
2022-06-24,-0.010077640631761888
2022-06-27,0.007718226292773799
2022-06-28,0.008858926171288367
2022-06-29,-0.009576835439325498
2022-06-30,0.009653602865024154
2022-07-01,-0.00892669249223317
2022-07-05,-0.006551834997137634
2022-07-06,-0.0029034279489405426
2022-07-07,-0.00018925814843004542
2022-07-08,0.001977740790166564
2022-07-11,-0.0032626722126188543
2022-07-12,0.0226898034326087
2022-07-13,0.009740377785079728
2022-07-14,0.024214746513231446
2022-07-15,-0.0012171066842836052
2022-07-18,0.013377948161171261
2022-07-19,-0.0009551418897125124
2022-07-20,0.009773158925612542
2022-07-21,-0.02372247257179379
2022-07-22,0.013262189831431856
2022-07-25,-0.0014859258738309175
2022-07-26,-0.007251125729330687
2022-07-27,0.00902015366481245
2022-07-28,-0.0005953863875316872
2022-07-29,0.0032755203195818866
2022-08-01,0.009117383154945535
2022-08-02,-0.00463538557119954
2022-08-03,0.011932680889147269
2022-08-04,0.0037249919265295744
2022-08-05,-0.001164814115278905
2022-08-08,-0.0034241631824435586
2022-08-09,-0.01591726342652314
2022-08-10,0.003338004374759935
2022-08-11,0.0033865786545635543
2022-08-12,0.0027921204573692735
2022-08-15,-0.0023933826127360484
2022-08-16,-0.0017658049660578545
2022-08-17,0.0004525020011937185
2022-08-18,0.0032400084244438767
2022-08-19,0.0001628131025306311
2022-08-22,-0.00020086661123870474
2022-08-23,0.003468158254567159
2022-08-24,4.97199018807228e-05
2022-08-25,-0.00040386020985044597
2022-08-26,0.00369968986344775
2022-08-29,-0.00241314333529189
2022-08-30,-0.0030898896286790083
2022-08-31,0.0009826976325433437
2022-09-01,-0.009063893299044133
2022-09-02,0.0039105076758369686
2022-09-06,0.0007662704373418857
2022-09-07,-0.0036032640427056855
2022-09-08,0.006944585114553372
2022-09-09,-0.000264937365681027
2022-09-12,-0.0010296766406811516
2022-09-13,0.004958089661166964
2022-09-14,-0.001309147094451495
2022-09-15,0.0019516386182162981
2022-09-16,0.00012951662477541298
2022-09-19,0.000997532297683449
2022-09-20,-0.0016252808228725346
2022-09-21,0.007248781490266661
2022-09-22,-0.0013659227002495126
2022-09-23,0.0052551021363279
2022-09-26,-0.0045905629246318245
2022-09-27,0.0015006721030352322
2022-09-28,-0.0085404479628821
2022-09-29,0.007688190280067007
2022-09-30,-0.0025387528145908176
2022-10-03,0.02848644188477047
2022-10-04,0.008897234435283933
2022-10-05,0.009938045813364167
2022-10-06,-0.0017662932284876207
2022-10-07,-0.002326309658381619
2022-10-10,-0.005154468064355116
2022-10-11,0.000503945258090979
2022-10-12,-0.0015581693916099405
2022-10-13,0.0048447355732253805
2022-10-14,-0.010786893313669062
2022-10-17,-0.012324874044800264
2022-10-18,-0.0044426386159115705
2022-10-19,0.0220512413410101
2022-10-20,0.018581555685413875
2022-10-21,0.018428052904664444
2022-10-24,0.0009239442842448061
2022-10-25,0.004967662422397559
2022-10-26,0.03340076218649735
2022-10-27,8.108744752883215e-05
2022-10-28,0.006175433388719122
2022-10-31,-0.0035218077862360685
2022-11-01,0.002328767577057418
2022-11-02,-0.0060592240021906055
2022-11-03,-0.003358703310043198
2022-11-04,0.007098809560184105
2022-11-07,0.0005209593335197377
2022-11-08,0.0022633840230170204
2022-11-09,-0.0005173825789584019
2022-11-10,0.005998316840853667
2022-11-11,0.011588374951663587
2022-11-14,0.0012006091409422393
2022-11-15,0.0060995452253157795
2022-11-16,-0.0002533792721851938
2022-11-17,0.0
2022-11-18,0.0
2022-11-21,0.0
2022-11-22,0.0
2022-11-23,0.0
2022-11-25,0.0
2022-11-28,0.0
2022-11-29,0.0
2022-11-30,0.0
2022-12-01,0.0
2022-12-02,0.0
2022-12-05,0.0
2022-12-06,0.0
2022-12-07,0.0
2022-12-08,0.0
2022-12-09,0.0
2022-12-12,0.0
2022-12-13,0.0
2022-12-14,0.0018046886047407963
2022-12-15,0.012001236112604906
2022-12-16,0.0036619361860545283
2022-12-19,0.012074805239576526
2022-12-20,-0.013606617506001357
2022-12-21,0.0014519633485142937
2022-12-22,0.0033959560453359116
2022-12-23,-0.006376741168880455
2022-12-27,-0.0059105979807189575
2022-12-28,0.01374640251121895
2022-12-29,0.002743270462387392
2022-12-30,0.005597255449177392
2023-01-03,-0.010112699068503357
2023-01-04,0.006058494769386157
2023-01-05,0.00930099459794124
2023-01-06,-0.005157104032175883
2023-01-09,0.0019449279773562068
2023-01-10,0.004207846021149105
2023-01-11,-0.008192478053816114
2023-01-12,0.006575105084741782
2023-01-13,0.0035917551404331515
2023-01-17,0.009013341928566355
2023-01-18,0.0036453910739162633
2023-01-19,0.013762235407511147
2023-01-20,0.004270345038283719
2023-01-23,-0.0004186776548036744
2023-01-24,0.0005649735306205145
2023-01-25,0.002613991269301353
2023-01-26,0.03938884546488057
2023-01-27,0.02857596970573586
2023-01-30,0.006852829927234053
2023-01-31,-0.009155085403741466
2023-02-01,-0.01595906647348822
2023-02-02,0.013210750642612946
2023-02-03,0.008178830193980248
2023-02-06,0.015676607874860336
2023-02-07,-0.0007884714230659653
2023-02-08,0.008684269459606354
2023-02-09,0.014778850592737803
2023-02-10,-0.010791803147993089
2023-02-13,-0.015080685532651765
2023-02-14,0.01448418844660922
2023-02-15,0.009029189308343883
2023-02-16,-0.0034811404553408342
2023-02-17,0.012928602114738886
2023-02-21,0.0024310637657223976
2023-02-22,0.006539126444636138
2023-02-23,-0.012521087290386012
2023-02-24,-0.005242968413285245
2023-02-27,0.004189911518084429
2023-02-28,-0.010298107661050313
2023-03-01,-0.004648647865943616
2023-03-02,-0.009090169061314378
2023-03-03,0.006321472301856431
2023-03-06,0.0006011301745672635
2023-03-07,0.0025981584110194144
2023-03-08,-0.009533057176532776
2023-03-09,-0.005492293869148666
2023-03-10,0.0038244973953497487
2023-03-13,-0.0023380339902214445
2023-03-14,-0.0008474362622662799
2023-03-15,0.008732026035398289
2023-03-16,-0.001719369973730566
2023-03-17,0.0028844802936561385
2023-03-20,0.003958888216817012
2023-03-21,0.020591057542283686
2023-03-22,-0.0030592983169886057
2023-03-23,-0.0011007049934942705
2023-03-24,0.0034717775991091084
2023-03-27,-0.007249795614885772
2023-03-28,-0.001143465368719062
2023-03-29,-0.009162591109878366
2023-03-30,-0.004109084018357831
2023-03-31,0.009057564980398204
2023-04-03,-0.005685677991938456
2023-04-04,0.009150779874633634
2023-04-05,0.0022054598875157466
2023-04-06,0.016718644438791997
2023-04-10,-0.012326964364239126
2023-04-11,-0.004677824266274793
2023-04-12,0.0048472285698140365
2023-04-13,0.008066241104492994
2023-04-14,0.0009048413952759944
2023-04-17,0.00041810877867396644
2023-04-18,-0.0033091259599304992
2023-04-19,-0.005849052502659868
2023-04-20,-0.009128313957336267
2023-04-21,0.0009423613582456046
2023-04-24,-0.0025750409841933525
2023-04-25,0.02930988534025883
2023-04-26,0.0014752208983649807
2023-04-27,-0.0040660438040205325
2023-04-28,-0.0006215255312351868
2023-05-01,-0.005273879455125755
2023-05-02,0.005845670780446048
2023-05-03,0.0033199685104382697
2023-05-04,0.004327183869579863
2023-05-05,0.004199314866213377
2023-05-08,0.0035250694159660208
2023-05-09,-0.0020509797051665307
2023-05-10,0.001652947318413018
2023-05-11,0.0024523381551528885
2023-05-12,-0.005980073565625354
2023-05-15,0.01013175366181269
2023-05-16,-0.002190068473660543
2023-05-17,0.00023028075197269754
2023-05-18,0.003309085849449811
2023-05-19,0.010804161062054812
2023-05-22,0.006501858515713844
2023-05-23,0.01146028246797788
2023-05-24,-0.0009494270598394167
2023-05-25,0.019924283304225902
2023-05-26,0.020299992529568957
2023-05-30,0.010935097074505254
2023-05-31,0.001300340566666692
2023-06-01,0.02333775941765042
2023-06-02,0.009826887098022947
2023-06-05,0.014026155597654487
2023-06-06,0.001261814451009953
2023-06-07,-0.00042292560888711867
2023-06-08,-0.00308273508259575
2023-06-09,0.0038284294079628826
2023-06-12,-0.0049299330392784425
2023-06-13,-0.004091131654116492
2023-06-14,-0.002707980007886194
2023-06-15,0.0037962008621344797
2023-06-16,0.0010860003964595617
2023-06-20,-0.000584459008170796
2023-06-21,0.01050717285805438
2023-06-22,-0.006682571886085354
2023-06-23,0.013866650141530846
2023-06-26,-0.002890181677800803
2023-06-27,-0.022779769728348852
2023-06-28,0.01222167849306773
2023-06-29,-0.002995161091097615
2023-06-30,-0.004190979590204206
2023-07-03,-0.004306781778970972
2023-07-05,0.01744451878969502
2023-07-06,0.00017594036564959418
2023-07-07,0.0010811335308556196
2023-07-10,-0.019674272395533137
2023-07-11,0.011947813803585026
2023-07-12,-0.006155239504516386
2023-07-13,0.004689754744905093
2023-07-14,0.02269183092790028
2023-07-17,-0.012519431465682442
2023-07-18,0.009917248585939984
2023-07-19,0.004533283778071906
2023-07-20,0.018432489059131606
2023-07-21,0.0038037248198712244
2023-07-24,0.003669669963285286
2023-07-25,-0.006973230789606607
2023-07-26,0.05017638217547922
2023-07-27,-0.0006768841916844686
2023-07-28,0.0
2023-07-31,0.0
2023-08-01,0.0
2023-08-02,0.0
2023-08-03,0.0
2023-08-04,0.0
2023-08-07,0.0
2023-08-08,0.0
2023-08-09,0.0
2023-08-10,0.0
2023-08-11,0.0
2023-08-14,0.0
2023-08-15,0.0
2023-08-16,0.0
2023-08-17,0.0
2023-08-18,0.0
2023-08-21,0.0
2023-08-22,0.0
2023-08-23,0.0
2023-08-24,0.0
2023-08-25,0.0
2023-08-28,0.0
2023-08-29,0.0
2023-08-30,0.0
2023-08-31,0.0
2023-09-01,0.0
2023-09-05,0.0
2023-09-06,0.0
2023-09-07,0.0
2023-09-08,0.0
2023-09-11,0.0
2023-09-12,0.005886396774714004
2023-09-13,0.0005852815997907836
2023-09-14,-4.554902592128313e-05
2023-09-15,-0.0008951598724396785
2023-09-18,0.005081109141193957
2023-09-19,-0.005204892264675698
2023-09-20,-0.0007363040631064681
2023-09-21,0.0018152807189148132
2023-09-22,0.006692694301334743
2023-09-25,0.004783384829688075
2023-09-26,0.0003392114416216304
2023-09-27,0.0012535534188495045
2023-09-28,0.0003336138649006312
2023-09-29,-0.0026900184120757483
2023-10-02,-0.000843934739123881
2023-10-03,0.0013768838958306193
2023-10-04,-0.010672583009027747
2023-10-05,0.0006385775269435461
2023-10-06,0.002114580986420455
2023-10-09,0.0026603270467475985
2023-10-10,-0.0015221210198080159
2023-10-11,-0.00226150988884425
2023-10-12,-0.0039048247463334624
2023-10-13,0.003350291624627402
2023-10-16,0.00699989729444004
2023-10-17,-8.639937009198196e-05
2023-10-18,-0.0005507525110770184
2023-10-19,0.022257604774403347
2023-10-20,0.000986095969487848
2023-10-23,-0.002274078124112995
2023-10-24,0.00245763584049377
2023-10-25,-0.007903262669407794
2023-10-26,0.009166429363096789
2023-10-27,0.00499740891878233
2023-10-30,0.002900619221234348
2023-10-31,-0.0003257082629121416
2023-11-01,-0.0014566629457714926
2023-11-02,0.00414188986715972
2023-11-03,-0.003891679792133816
2023-11-06,-0.0010575560433760192
2023-11-07,-0.004442111843878675
2023-11-08,-0.0005888683398845301
2023-11-09,0.0019867296699395873
2023-11-10,-0.005362931548271543
2023-11-13,0.005901678620618755
2023-11-14,0.0008286256427364773
2023-11-15,0.0022425406743808896
2023-11-16,-0.0007297001975096246
2023-11-17,-0.0006246990385908718
2023-11-20,0.00014084663257017457
2023-11-21,-0.00022145911946015381
2023-11-22,-0.005077257271675559
2023-11-24,0.0008632586766367014
2023-11-27,0.0006256755776642807
2023-11-28,-0.0018679977004583855
2023-11-29,0.010166134423968685
2023-11-30,0.03151938657059562
2023-12-01,0.009924470785372366
2023-12-04,-0.008339396571157742
2023-12-05,0.0016401137484841853
2023-12-06,0.0007651314150330697
2023-12-07,-0.006889617445520824
2023-12-08,0.0019643918035809945
2023-12-11,-0.0058768252380037595
2023-12-12,0.0015028931147800545
2023-12-13,0.009737078386901457
2023-12-14,0.018486399435049983
2023-12-15,0.0026377226004956375
2023-12-18,0.011743281763480419
2023-12-19,-0.0005704104656884108
2023-12-20,0.012591034841107865
2023-12-21,-0.004588990993622126
2023-12-22,0.002818226444485863
2023-12-26,-0.005945711543653561
2023-12-27,0.0014606121377701907
2023-12-28,-0.0011072553505114273
2023-12-29,0.0013150063398111892
