Date,return
2020-01-03,0.0
2020-01-06,0.0
2020-01-07,0.0
2020-01-08,0.0
2020-01-09,0.0
2020-01-10,0.0
2020-01-13,0.0
2020-01-14,0.0
2020-01-15,0.0
2020-01-16,0.0
2020-01-17,0.0
2020-01-21,0.0
2020-01-22,0.0
2020-01-23,0.001944524442595986
2020-01-24,0.0001342057353206109
2020-01-27,-0.001348559117258595
2020-01-28,0.001389018376795558
2020-01-29,-0.001214772067794982
2020-01-30,-0.0001388211899709892
2020-01-31,-0.005162676425214462
2020-02-03,0.0004101037999364603
2020-02-04,-0.0006260424021824906
2020-02-05,0.007173307605569718
2020-02-06,-0.0017312403905060329
2020-02-07,-0.0011603493586170588
2020-02-10,0.0006888670143163281
2020-02-11,0.002533836072741563
2020-02-12,0.00014643017824757235
2020-02-13,-0.0015182097913256274
2020-02-14,-0.0012921747157858096
2020-02-18,-0.00024345082039989996
2020-02-19,0.0014868371437304715
2020-02-20,-0.0008282223648062752
2020-02-21,-0.00013935973364736907
2020-02-24,-0.005671806373450847
2020-02-25,-0.005901202025593904
2020-02-26,-0.005171476616306843
2020-02-27,-0.0029266588929239756
2020-02-28,-0.0016960645662565878
2020-03-02,0.0005127319956275544
2020-03-03,-0.004576466810198342
2020-03-04,0.0032741268620776615
2020-03-05,-0.0028289299163913417
2020-03-06,0.00010628376303079023
2020-03-09,-0.025403437207920876
2020-03-10,0.00022571195112809292
2020-03-11,0.0030330309495849956
2020-03-12,-0.007296424497669399
2020-03-13,0.011642745014068059
2020-03-16,-0.001516345674138164
2020-03-17,-0.005724695416906143
2020-03-18,0.0015067742602684112
2020-03-19,0.0022845751260248326
2020-03-20,0.0006128792769178144
2020-03-23,0.009333864833941757
2020-03-24,0.0005808791662749798
2020-03-25,0.001141978440796521
2020-03-26,0.002641052530864391
2020-03-27,-0.005368986822148636
2020-03-30,0.0011000371057284582
2020-03-31,-0.001621459730731796
2020-04-01,-0.0017033077833092062
2020-04-02,-0.00221438864973051
2020-04-03,0.0007899690950002921
2020-04-06,0.0008269074133908455
2020-04-07,0.007652840935215291
2020-04-08,0.001415773652780903
2020-04-09,-0.00031136454976125395
2020-04-13,-0.0001693990878803689
2020-04-14,-0.002148089067262656
2020-04-15,-0.00378696988679784
2020-04-16,-0.003846942979269387
2020-04-17,0.002672594516484855
2020-04-20,-0.0006908187505458559
2020-04-21,0.0015303472203928893
2020-04-22,-0.005035512977429875
2020-04-23,0.0047339406172805
2020-04-24,-0.0011690045606309555
2020-04-27,0.001817884522980141
2020-04-28,0.004249615045560232
2020-04-29,0.004826447318535011
2020-04-30,-0.004236795824782778
2020-05-01,0.0004818253840542283
2020-05-04,-0.0025400320280491487
2020-05-05,-0.002783775304623328
2020-05-06,-0.0015186117755324837
2020-05-07,0.0037210666517011473
2020-05-08,0.003923621723284187
2020-05-11,-0.0033206259468709165
2020-05-12,0.0008555000984453009
2020-05-13,-0.0027246024690048137
2020-05-14,-0.0018424229764140616
2020-05-15,0.0018610481652242441
2020-05-18,0.008818387891765627
2020-05-19,-0.0002879372126771043
2020-05-20,0.004678602902500819
2020-05-21,0.0006136538672706837
2020-05-22,-0.0038072607624393606
2020-05-26,0.003405987985701496
2020-05-27,0.00014296344553909774
2020-05-28,0.0015793197908338288
2020-05-29,0.0005254110320513927
2020-06-01,0.004567395790852127
2020-06-02,-0.00021393376219712898
2020-06-03,0.004833308979037239
2020-06-04,0.0008796100912004956
2020-06-05,0.0006224434365755687
2020-06-08,-3.8165612102250555e-06
2020-06-09,-0.001769002744140118
2020-06-10,-0.0032556362871766415
2020-06-11,-0.001952771504926455
2020-06-12,0.002173892150436697
2020-06-15,-9.521373976564308e-07
2020-06-16,0.000886389454301512
2020-06-17,-0.0013029058587753696
2020-06-18,0.000431167071802811
2020-06-19,-0.0018306522546343653
2020-06-22,-1.6123508472202543e-05
2020-06-23,0.0017164199396435397
2020-06-24,-0.0008071377396608462
2020-06-25,-0.0008165665778220087
2020-06-26,0.00017803243786891106
2020-06-29,0.001094058577003876
2020-06-30,-0.0028972523123695915
2020-07-01,0.001716552598850149
2020-07-02,-0.0010831053522097696
2020-07-06,-0.0019851289068116263
2020-07-07,-0.0022508173920519504
2020-07-08,0.0013949621554016213
2020-07-09,-0.002129280398347519
2020-07-10,-0.0008825370180361774
2020-07-13,0.0014103237813400226
2020-07-14,-0.0013724013057624916
2020-07-15,-0.0001593182550059462
2020-07-16,-0.0006747686121527227
2020-07-17,4.047552993419485e-05
2020-07-20,-0.0019291245027413437
2020-07-21,-0.0028062589086623284
2020-07-22,0.00030461970588179204
2020-07-23,0.0022878682274028533
2020-07-24,0.002705046668733199
2020-07-27,-0.005689099313957055
2020-07-28,0.004908759586829519
2020-07-29,-0.0014833746402531333
2020-07-30,0.0036234091814699443
2020-07-31,-5.129555177665682e-05
2020-08-03,-0.0031922047514852184
2020-08-04,-0.0003591225895350691
2020-08-05,0.0022742265725905616
2020-08-06,-0.0006689729492478305
2020-08-07,0.0035385898321715833
2020-08-10,0.0018167967186900377
2020-08-11,0.002606720414609799
2020-08-12,-0.007429348759104193
2020-08-13,-0.0018542011875464343
2020-08-14,-0.0005103689798268225
2020-08-17,-0.004625167071002315
2020-08-18,-0.0011241972319406186
2020-08-19,0.0017602726787208194
2020-08-20,-0.00027735054935206416
2020-08-21,0.0003939969006795722
2020-08-24,-0.0010742857816589502
2020-08-25,-0.001292618824862658
2020-08-26,-0.017462647077568737
2020-08-27,0.004951921349430769
2020-08-28,0.0012422480427270225
2020-08-31,0.0012039994809079665
2020-09-01,-0.0005397042300010621
2020-09-02,-0.002291074534210287
2020-09-03,0.003670401541286673
2020-09-04,0.00041064295204422277
2020-09-08,0.0015093299227100787
2020-09-09,-0.0029803931345993425
2020-09-10,0.0009500684336551483
2020-09-11,-0.0029965538106292433
2020-09-14,0.0015423258618297102
2020-09-15,0.00035681993206465037
2020-09-16,0.0013308757421032203
2020-09-17,1.2207830109321402e-05
2020-09-18,0.0012306645008781313
2020-09-21,0.0020344506623211564
2020-09-22,0.0013840993787803926
2020-09-23,0.0008126657999734429
2020-09-24,-0.00020090515648291596
2020-09-25,0.0011265159971785752
2020-09-28,-0.0001020659028605834
2020-09-29,0.00010138369287734936
2020-09-30,-3.349834208353497e-05
2020-10-01,0.0034065314955786046
2020-10-02,-6.589191586790925e-05
2020-10-05,-0.002606885263806853
2020-10-06,0.00021122207611240837
2020-10-07,-0.0025597123311447796
2020-10-08,0.001236267471925717
2020-10-09,0.0005118092652146495
2020-10-12,-0.0007156707321334822
2020-10-13,0.00019403584938118052
2020-10-14,-0.0008442844590147366
2020-10-15,0.0017630983610189377
2020-10-16,-0.0005191503064769111
2020-10-19,-0.000842327880657603
2020-10-20,-0.0006828285612749398
2020-10-21,0.0004352042580745423
2020-10-22,-0.0019934562321960495
2020-10-23,-0.0014623612179484734
2020-10-26,-0.0006879964488739315
2020-10-27,6.099824488254527e-06
2020-10-28,-0.0009099590929102858
2020-10-29,-0.001692377872452202
2020-10-30,-0.0004980601724414571
2020-11-02,-0.002505997958791526
2020-11-03,-0.0006108145694530811
2020-11-04,0.00037657391936361963
2020-11-05,-0.008785727268813506
2020-11-06,-0.0007149149345636995
2020-11-09,0.006816689764937299
2020-11-10,0.00039489939206059004
2020-11-11,-0.0016702858241502243
2020-11-12,0.001954153148506475
2020-11-13,-0.0013104822891610995
2020-11-16,0.0037647246942359054
2020-11-17,0.0006317435677739002
2020-11-18,0.0011891314279353412
2020-11-19,-0.0009762146968115169
2020-11-20,-0.0014250236052190243
2020-11-23,0.0033814551126549004
2020-11-24,-0.0003926732041904358
2020-11-25,0.001872715099163432
2020-11-27,-0.003170750020833232
2020-11-30,-0.003248542813501848
2020-12-01,-0.0038636593217275276
2020-12-02,-0.0002787250362240758
2020-12-03,0.0026747927037411483
2020-12-04,-0.001462609570434714
2020-12-07,-0.0019359038591927808
2020-12-08,-0.002796489187683282
2020-12-09,0.0007731142260456656
2020-12-10,-0.0011554509461617415
2020-12-11,0.003959097783865066
2020-12-14,0.006983052293589548
2020-12-15,-0.0015091174777553886
2020-12-16,0.003705667292272991
2020-12-17,-0.0009812653620784393
2020-12-18,0.0011194558106394162
2020-12-21,0.0011845838442004482
2020-12-22,0.0008352772309672973
2020-12-23,-0.0022850822525373377
2020-12-24,0.0006813927518503524
2020-12-28,0.0004818912416536613
2020-12-29,-0.00048376111124847287
2020-12-30,-0.0001734558466495989
2020-12-31,-0.001236191407160147
2021-01-04,0.0
2021-01-05,0.0
2021-01-06,0.0
2021-01-07,0.0
2021-01-08,0.0
2021-01-11,0.0
2021-01-12,0.0
2021-01-13,0.0018555075671452075
2021-01-14,-0.0003353931914369948
2021-01-15,0.000663406561637479
2021-01-19,-5.4523178397367957e-05
2021-01-20,-0.0007161781455167326
2021-01-21,-0.0005513109922842579
2021-01-22,0.008876843788307644
2021-01-25,-6.381666377697475e-05
2021-01-26,-0.0018979339001886683
2021-01-27,-0.0004545292088782807
2021-01-28,-0.000434209238998344
2021-01-29,0.002001150786522337
2021-02-01,0.0007121995760201635
2021-02-02,0.0033379049819710653
2021-02-03,-0.0007342749047837011
2021-02-04,-0.0023324204645056466
2021-02-05,-0.0012694274995757606
2021-02-08,-0.00247750330838301
2021-02-09,-0.0002254327032046275
2021-02-10,-0.000713122329058905
2021-02-11,0.00034054598164139777
2021-02-12,3.773105669796336e-05
2021-02-16,-0.00027201327101074904
2021-02-17,-0.0005118075431139857
2021-02-18,0.0008301942070580656
2021-02-19,0.002149611212094138
2021-02-22,-0.0014937136114663025
2021-02-23,0.0012743407717060236
2021-02-24,-0.004115323159442065
2021-02-25,-2.4399346548632796e-05
2021-02-26,0.0032121693209752563
2021-03-01,-0.0016232710045435525
2021-03-02,0.0002966903492619407
2021-03-03,-0.0003369446318316172
2021-03-04,0.003570379041331586
2021-03-05,-0.0023398397483728175
2021-03-08,-0.0002496765550075648
2021-03-09,0.0012609583523198234
2021-03-10,-0.002497824769969149
2021-03-11,0.0007124461179390625
2021-03-12,-0.0009095745547801851
2021-03-15,0.000704791878511968
2021-03-16,-0.00019147507481975665
2021-03-17,-0.0001243656650101365
2021-03-18,-0.00035268677305389006
2021-03-19,0.000459370681283667
2021-03-22,-0.0013913214830553497
2021-03-23,0.00020409373392692607
2021-03-24,0.001341186248932102
2021-03-25,-0.002449951815918712
2021-03-26,-0.002560901233566194
2021-03-29,0.0012143443261724118
2021-03-30,0.0036806880300522377
2021-03-31,0.0035111927158296254
2021-04-01,0.0003160610236991651
2021-04-05,-0.008048177484197084
2021-04-06,0.0048823140519820354
2021-04-07,-0.002132895439062424
2021-04-08,-4.880659482605146e-06
2021-04-09,-0.0020300805305838265
2021-04-12,0.003026720158880461
2021-04-13,0.008647619639563706
2021-04-14,-0.00378905787794733
2021-04-15,-0.0010642433615479186
2021-04-16,-0.003088758485705088
2021-04-19,0.0015129843483663078
2021-04-20,-0.011449624079481451
2021-04-21,-0.02538140755425807
2021-04-22,0.009796995531800953
2021-04-23,-0.005320840595780518
2021-04-26,0.004904176166386635
2021-04-27,-0.0010290503727769216
2021-04-28,-0.004317292444572639
2021-04-29,-0.006964091111915724
2021-04-30,0.010811643275890109
2021-05-03,-0.012553992193654096
2021-05-04,-0.004124044731815435
2021-05-05,0.004665360037297732
2021-05-06,-0.013896779286620867
2021-05-07,0.005487555522894231
2021-05-10,-0.002366508667120109
2021-05-11,0.008470808416093902
2021-05-12,0.014754236823347106
2021-05-13,-0.013717843463698236
2021-05-14,-0.0026638366626776924
2021-05-17,-0.0012502595660805222
2021-05-18,0.005221064552442277
2021-05-19,0.0031168997352242532
2021-05-20,-0.004338548108709215
2021-05-21,-0.0036336245497266577
2021-05-24,-0.0007521249164933002
2021-05-25,0.003741137832847896
2021-05-26,0.002020177343087535
2021-05-27,-0.0013865861849438057
2021-05-28,-0.0005081700488992347
2021-06-01,-0.0010325805267513799
2021-06-02,-0.004765220208290231
2021-06-03,0.0019723011136101093
2021-06-04,-0.008815071417687923
2021-06-07,-0.003592616670097253
2021-06-08,-0.005378670675716391
2021-06-09,-0.005920048381366951
2021-06-10,0.0001448219905234132
2021-06-11,-0.0034841704874464946
2021-06-14,0.00497370771199168
2021-06-15,0.00410800840331692
2021-06-16,0.005561681106439821
2021-06-17,0.00495669320698783
2021-06-18,0.00824282975229477
2021-06-21,-0.014546562089992329
2021-06-22,-0.0001364370909225239
2021-06-23,0.005930592395167461
2021-06-24,-0.0025102086799458747
2021-06-25,-0.005194014319699689
2021-06-28,0.006372379728194895
2021-06-29,-0.00010254117179902037
2021-06-30,-0.003999709646078153
2021-07-01,-0.001859061825730222
2021-07-02,0.0245145020763853
2021-07-06,0.0
2021-07-07,0.0
2021-07-08,0.0
2021-07-09,0.0
2021-07-12,0.0
2021-07-13,0.0
2021-07-14,0.0
2021-07-15,0.0
2021-07-16,-6.023656861563794e-05
2021-07-19,-0.00013582139776870296
2021-07-20,0.0010290374640110238
2021-07-21,0.0008971744432886769
2021-07-22,0.0006000639048694743
2021-07-23,-0.002680794026965371
2021-07-26,-0.0001227336084231256
2021-07-27,-0.0021574941312344303
2021-07-28,-0.00258072011816532
2021-07-29,0.0029160974848092087
2021-07-30,0.00014263463292667542
2021-08-02,-0.0015939931515401896
2021-08-03,-0.005115622977967018
2021-08-04,0.004031536946248254
2021-08-05,-0.00038174796210682643
2021-08-06,0.0005510072511739508
2021-08-09,-0.004062637655171733
2021-08-10,-0.007853582561195475
2021-08-11,0.005726241789210576
2021-08-12,-0.0043418626871899796
2021-08-13,-0.005340009546475644
2021-08-16,-0.0018546779865482813
2021-08-17,-0.005172438448439017
2021-08-18,0.0026944329174626363
2021-08-19,-0.0002814548139175325
2021-08-20,1.423518334738201e-05
2021-08-23,-0.0019299148899180163
2021-08-24,0.005134508576435935
2021-08-25,0.001605129535589367
2021-08-26,4.6373304843850586e-05
2021-08-27,0.0016757259209561216
2021-08-30,-0.0018550823490376383
2021-08-31,0.0009725585194620519
2021-09-01,-0.0021228389176961796
2021-09-02,-0.001153236241995012
2021-09-03,4.753523599872656e-06
2021-09-07,0.0020025441995354535
2021-09-08,-0.0005036590855431386
2021-09-09,0.0007253087775705649
2021-09-10,0.000333708121577056
2021-09-13,0.005032096070598576
2021-09-14,-0.0015762121868885235
2021-09-15,3.649733094020571e-05
2021-09-16,0.0020274377463522725
2021-09-17,-0.0009590906341777536
2021-09-20,-0.0007410606237987943
2021-09-21,0.00018557137006113754
2021-09-22,-0.0009225237810776367
2021-09-23,0.0002274015941908669
2021-09-24,0.0018031376449134395
2021-09-27,0.003138981912096706
2021-09-28,0.002874017211901868
2021-09-29,-0.002172452338619332
2021-09-30,0.001967029394142269
2021-10-01,0.0012434006341868226
2021-10-04,-0.00061757064680635
2021-10-05,-0.00045353014767408347
2021-10-06,-0.0029024023325531904
2021-10-07,-0.001572544461617498
2021-10-08,0.0011800153513414882
2021-10-11,-0.0010317900574914865
2021-10-12,-0.0019467318930744032
2021-10-13,-0.00105334487205884
2021-10-14,-0.0003871444107256345
2021-10-15,0.0009554637523871279
2021-10-18,0.0012260679190550417
2021-10-19,-0.003022493260674473
2021-10-20,-0.002154796070722306
2021-10-21,0.001902107573152552
2021-10-22,-0.004112414448737254
2021-10-25,0.0013618508866210073
2021-10-26,-0.0028389801031386487
2021-10-27,-0.005833558891445692
2021-10-28,-0.0020971091633906497
2021-10-29,-0.001247720041573732
2021-11-01,0.001304826552545221
2021-11-02,-0.004983049262649925
2021-11-03,-0.0009604386911503381
2021-11-04,-0.0003665949008507459
2021-11-05,-0.000977864288001598
2021-11-08,0.003139800179601622
2021-11-09,-0.0009960601913017644
2021-11-10,-0.0032278505914229614
2021-11-11,-0.0027112649171631546
2021-11-12,0.000402388439357274
2021-11-15,0.0005446437547509596
2021-11-16,-0.004025683181893329
2021-11-17,-0.002806216370151074
2021-11-18,-0.0003835734600555321
2021-11-19,6.911298933664603e-05
2021-11-22,8.690824757052262e-05
2021-11-23,0.00045334618010958407
2021-11-24,0.0010320632209823385
2021-11-26,0.0002998774259076861
2021-11-29,-0.00013684799853842013
2021-11-30,0.002665619469564462
2021-12-01,-0.0023364451323993683
2021-12-02,-0.00132828316096018
2021-12-03,-0.004739210679845518
2021-12-06,0.0035197761377548653
2021-12-07,0.0025784360904242834
2021-12-08,0.0014435766605272547
2021-12-09,1.6907587042343545e-05
2021-12-10,-0.0024912476615136722
2021-12-13,-0.0008175986350864844
2021-12-14,-0.00027343394885847515
2021-12-15,-0.0014461529404989474
2021-12-16,-0.0058739703237072356
2021-12-17,0.00740721709432802
2021-12-20,-0.005201933814710182
2021-12-21,0.005007044206231414
2021-12-22,-0.0024187140866865006
2021-12-23,0.0012476319410946845
2021-12-27,-0.0015532166679150966
2021-12-28,-0.00022960716458980687
2021-12-29,-0.0023054334137336827
2021-12-30,-2.744896238835925e-05
2021-12-31,-0.00330108377280411
2022-01-03,0.0
2022-01-04,0.0
2022-01-05,0.0
2022-01-06,0.0
2022-01-07,0.0
2022-01-10,0.0
2022-01-11,0.0007022522515969362
2022-01-12,0.0006410541222648736
2022-01-13,-0.00030652369025139576
2022-01-14,-0.00015997278444569336
2022-01-18,-0.0002570935645212936
2022-01-19,0.00014961155195904492
2022-01-20,6.510959524471038e-05
2022-01-21,-1.017551461346116e-05
2022-01-24,0.001853646532456249
2022-01-25,-0.0008441957184429363
2022-01-26,0.001513420731955873
2022-01-27,-0.0022726577728963025
2022-01-28,-0.0008951284485373134
2022-01-31,0.0007276233476991318
2022-02-01,0.00019475371914693464
2022-02-02,-0.0008722858844865211
2022-02-03,0.004634869308549591
2022-02-04,0.0026326883768806285
2022-02-07,0.002720119917257063
2022-02-08,0.0015609301848359255
2022-02-09,0.00277676281695701
2022-02-10,0.0004476131649561921
2022-02-11,-0.0020625736535923823
2022-02-14,0.0013124892959097375
2022-02-15,0.00108626323898941
2022-02-16,0.0005824924486903686
2022-02-17,0.000931359569787814
2022-02-18,-0.000227465158214553
2022-02-22,0.0003767000898218225
2022-02-23,-0.0001417591644649675
2022-02-24,0.003001903387701792
2022-02-25,-4.759504402037112e-05
2022-02-28,0.0
2022-03-01,0.0
2022-03-02,0.0
2022-03-03,0.0
2022-03-04,0.0
2022-03-07,0.0
2022-03-08,0.0
2022-03-09,0.0
2022-03-10,0.0
2022-03-11,0.0
2022-03-14,0.0
2022-03-15,0.0
2022-03-16,0.0
2022-03-17,0.0
2022-03-18,0.0
2022-03-21,0.0
2022-03-22,0.0
2022-03-23,0.0
2022-03-24,0.0
2022-03-25,0.0
2022-03-28,0.0001699405578009221
2022-03-29,-0.00010734976414487028
2022-03-30,-0.0009626384887425574
2022-03-31,0.00037720380942250797
2022-04-01,-0.0034023188664625732
2022-04-04,0.0008343771446719652
2022-04-05,-0.0034186419043462646
2022-04-06,-0.012269349505641219
2022-04-07,-0.016602702296676174
2022-04-08,-0.01059446873986001
2022-04-11,0.006500001547531518
2022-04-12,0.007741987418173539
2022-04-13,-0.0030699355596878856
2022-04-14,-0.008470911090706548
2022-04-18,0.00858553395735819
2022-04-19,0.002556890894997603
2022-04-20,-0.008533336307548416
2022-04-21,-0.0006368190394587251
2022-04-22,0.013823825518138697
2022-04-25,-0.008233593116235413
2022-04-26,0.00534804983048116
2022-04-27,0.0003779381246843365
2022-04-28,-0.03805646273606715
2022-04-29,-0.002144890930856122
2022-05-02,0.012758966891063239
2022-05-03,0.00520260749761787
2022-05-04,-0.013287753033559172
2022-05-05,0.0019495617445171455
2022-05-06,-0.004008648903413252
2022-05-09,0.0021971363928487914
2022-05-10,-0.00012574508475158173
2022-05-11,-0.015008033510870034
2022-05-12,-0.015680649994126168
2022-05-13,0.005386078183974001
2022-05-16,-0.018978280004814132
2022-05-17,-0.0027983602421077086
2022-05-18,0.009034362810355141
2022-05-19,0.0011531661936712392
2022-05-20,-0.013398546882372403
2022-05-23,-0.002985295649726289
2022-05-24,-0.0085108931447682
2022-05-25,0.006435232593058229
2022-05-26,0.011107607693103198
2022-05-27,-0.003371221523089852
2022-05-31,0.008196828581237617
2022-06-01,0.00591387010102871
2022-06-02,0.00989737327132456
2022-06-03,-3.89161240737174e-05
2022-06-06,0.0006015391111424053
2022-06-07,-0.004575028072189269
2022-06-08,0.006248770976706003
2022-06-09,0.009885853735940368
2022-06-10,0.0030529670461279463
2022-06-13,0.013465735903404144
2022-06-14,0.0013921366592504955
2022-06-15,9.377743382825844e-05
2022-06-16,-0.004461196702849197
2022-06-17,0.001959479254579388
2022-06-21,-0.025153366285118876
2022-06-22,-0.008514721458978646
2022-06-23,-0.02009243109300845
2022-06-24,-0.006374796668300606
2022-06-27,-0.009312035681386074
2022-06-28,0.013576238819027356
2022-06-29,-0.0054360161078615184
2022-06-30,0.00818059071914623
2022-07-01,-0.008762168387889718
2022-07-05,-0.0009269682948387546
2022-07-06,0.0
2022-07-07,0.0
2022-07-08,0.0
2022-07-11,0.0
2022-07-12,0.0
2022-07-13,0.0
2022-07-14,0.0
2022-07-15,0.0
2022-07-18,0.0
2022-07-19,0.0
2022-07-20,0.0
2022-07-21,0.0
2022-07-22,0.0
2022-07-25,0.0009490242728074216
2022-07-26,0.00026791554678104213
2022-07-27,0.00023657579273391282
2022-07-28,0.0013939774949590128
2022-07-29,0.0015530447645527256
2022-08-01,-0.000858102714038639
2022-08-02,-0.0018818468942387655
2022-08-03,-0.000805514973073571
2022-08-04,-0.001892056357085876
2022-08-05,0.0012927736403472393
2022-08-08,0.0002517513340273065
2022-08-09,-0.0013665322115543627
2022-08-10,-6.722121424882566e-05
2022-08-11,-0.0007462967008113862
2022-08-12,0.0011419717009485322
2022-08-15,-0.0002814576770175475
2022-08-16,0.00028046214071023197
2022-08-17,-0.0010167854718886827
2022-08-18,-0.0025818929103894007
2022-08-19,0.0009640430092905121
2022-08-22,0.0005886849450044435
2022-08-23,-0.00048647284281893406
2022-08-24,-0.001122244929393922
2022-08-25,7.965711934161575e-05
2022-08-26,0.0004026982509280131
2022-08-29,0.0006173160158112069
2022-08-30,-0.0010401124284700066
2022-08-31,-0.0012620643491435004
2022-09-01,-0.0009599759680115286
2022-09-02,1.1767080474472772e-06
2022-09-06,-0.0018967766329167784
2022-09-07,-0.0034481602357485834
2022-09-08,0.0018383130053305553
2022-09-09,0.003471846236009533
2022-09-12,0.0003841594054492037
2022-09-13,-0.0018386097519138105
2022-09-14,0.0006167324609783906
2022-09-15,0.0020983876677806907
2022-09-16,0.0018435990289058103
2022-09-19,-0.002373764268850073
2022-09-20,-0.001073319908138774
2022-09-21,-0.0017675156166523695
2022-09-22,0.0008223346281974076
2022-09-23,-0.005485494061539609
2022-09-26,-0.002990889600217209
2022-09-27,-0.0019585102052097707
2022-09-28,0.004194529761239875
2022-09-29,-0.003580117892929236
2022-09-30,-0.002109112506405101
2022-10-03,0.009129885778092553
2022-10-04,0.009165115869124326
2022-10-05,0.001236196149828406
2022-10-06,-0.005376021206089721
2022-10-07,-0.004225698893708207
2022-10-10,-0.0025004473228777318
2022-10-11,-0.0018919075385394751
2022-10-12,-0.004460172825262657
2022-10-13,0.005857073066104456
2022-10-14,3.836616133365451e-06
2022-10-17,0.003477403411515087
2022-10-18,0.0022269298826340183
2022-10-19,-0.002164351198357388
2022-10-20,0.00011280616204740728
2022-10-21,0.0026420456512825075
2022-10-24,0.0008921207868588249
2022-10-25,0.004452780689571275
2022-10-26,0.005620768448321989
2022-10-27,-0.0003426835099504288
2022-10-28,0.0030659856337243857
2022-10-31,-0.0010378265471557625
2022-11-01,0.0038195922332178826
2022-11-02,-0.003250366178259593
2022-11-03,-0.0015545244252226785
2022-11-04,0.004255640755849285
2022-11-07,-0.0007200532203126876
2022-11-08,-0.0007822534040588816
2022-11-09,-0.003597869144592967
2022-11-10,0.0070540837205275405
2022-11-11,0.004449568612892836
2022-11-14,0.0025449457386862257
2022-11-15,-0.0002185517474566732
2022-11-16,-0.0014992765160087979
2022-11-17,0.002326627098419535
2022-11-18,-0.0009581403802142394
2022-11-21,-0.0034181694774001723
2022-11-22,0.0005591355337723586
2022-11-23,0.001131363019197365
2022-11-25,-0.0010889200801843964
2022-11-28,0.0028720170357797005
2022-11-29,0.0025080988687149336
2022-11-30,-0.005657677660402908
2022-12-01,-0.0002256447087505777
2022-12-02,0.0007321311420853099
2022-12-05,0.002011685270210421
2022-12-06,0.001938013042799706
2022-12-07,-0.0013240760813416018
2022-12-08,-0.0009738038324603588
2022-12-09,0.004963876344854264
2022-12-12,-0.003590341643918063
2022-12-13,0.0014666683882281612
2022-12-14,0.001663920725797722
2022-12-15,0.006250308812687179
2022-12-16,-0.0007518363714408069
2022-12-19,0.0018881045699790933
2022-12-20,-0.0008518322395532699
2022-12-21,-0.0026260596265256985
2022-12-22,0.0023451006149801013
2022-12-23,-0.0013356557466808366
2022-12-27,-0.002118264539684469
2022-12-28,0.0028901348868243526
2022-12-29,-0.0019850903585845064
2022-12-30,0.001291103484216189
2023-01-03,-0.00044019118828666907
2023-01-04,0.0
2023-01-05,0.0
2023-01-06,-0.0002963243338712156
2023-01-09,-0.002123416996388682
2023-01-10,0.0005171134282486922
2023-01-11,-0.0011609128219294805
2023-01-12,-0.001358749342438937
2023-01-13,0.0025682538401036827
2023-01-17,-0.0012580032493179545
2023-01-18,0.00341280925643781
2023-01-19,0.0007170209543129171
2023-01-20,-0.0060173344934168526
2023-01-23,-0.0033209906923834854
2023-01-24,-0.0016672232674373334
2023-01-25,-0.002948999377367918
2023-01-26,-0.000655110139685705
2023-01-27,0.0037544078124723892
2023-01-30,0.005745774294007797
2023-01-31,0.0011388484575981898
2023-02-01,-0.0029656163898895966
2023-02-02,0.0025006614337705663
2023-02-03,0.0004437030402653353
2023-02-06,-0.0006903924721041049
2023-02-07,-0.004479284970997524
2023-02-08,0.00471792426627775
2023-02-09,-0.0011932853772407452
2023-02-10,0.003075470425981205
2023-02-13,-0.0006516614763570509
2023-02-14,-0.0005929791006941642
2023-02-15,-0.0006653872977348307
2023-02-16,0.0016048735963385794
2023-02-17,0.009142703507381712
2023-02-21,0.005008608986349639
2023-02-22,0.0019102259766773679
2023-02-23,-0.0060023819069178076
2023-02-24,0.0014423392314702333
2023-02-27,-0.0036362668823214537
2023-02-28,-0.001507818426629887
2023-03-01,0.0017597912561966157
2023-03-02,0.00036446799135694715
2023-03-03,-0.0066661526278344275
2023-03-06,-0.004320069973374398
2023-03-07,0.0036656076398642705
2023-03-08,0.000690582497402413
2023-03-09,0.0072990591034148705
2023-03-10,0.007246529338848584
2023-03-13,0.004982887131917408
2023-03-14,-0.005942241942146501
2023-03-15,0.005704104692727164
2023-03-16,0.0008168319749658334
2023-03-17,-0.0014691039990872578
2023-03-20,0.0002973058444607342
2023-03-21,-0.004456342055102314
2023-03-22,0.0011339322296865558
2023-03-23,0.0002943011035904584
2023-03-24,0.005991426173527564
2023-03-27,-0.0021326044216515285
2023-03-28,0.0009456048318627855
2023-03-29,-0.0007725149429435878
2023-03-30,-0.00013204693551387928
2023-03-31,-0.002469507873552062
2023-04-03,-0.003302181206272549
2023-04-04,0.004015564121252002
2023-04-05,-0.00026449721136482054
2023-04-06,0.003852093478307598
2023-04-10,-0.0011511187794526717
2023-04-11,-0.0018255896273153278
2023-04-12,0.0033118864660589787
2023-04-13,-0.006658929470291787
2023-04-14,-0.0036391358066815683
2023-04-17,0.0004182222129155611
2023-04-18,-0.003171826797877372
2023-04-19,0.00048427174891203014
2023-04-20,-0.0009126990022578173
2023-04-21,0.0013180347308781603
2023-04-24,-0.0006856960860004681
2023-04-25,0.007812896254854209
2023-04-26,0.0021285352997992882
2023-04-27,-0.004892544883743322
2023-04-28,-0.006558128267858773
2023-05-01,-0.00027308844732862596
2023-05-02,0.008596872291085193
2023-05-03,-0.002502230338190549
2023-05-04,-5.011958278002427e-05
2023-05-05,-0.010549553666270578
2023-05-08,-0.0035361112113776586
2023-05-09,0.0039136499140587835
2023-05-10,0.0008060878273500663
2023-05-11,0.006300965047141208
2023-05-12,0.002075331136962857
2023-05-15,-0.003926034863815592
2023-05-16,0.0021431198324529817
2023-05-17,-0.006314829999516422
2023-05-18,-0.00805153388504922
2023-05-19,0.0037285123743897746
2023-05-22,0.001115019862190422
2023-05-23,0.008522041980022045
2023-05-24,0.00323443095908737
2023-05-25,-0.012123751433716922
2023-05-26,-0.00962427094824091
2023-05-30,0.0028671423274947167
2023-05-31,0.002480504268232344
2023-06-01,-0.0073045182168649065
2023-06-02,-0.002609563253903874
2023-06-05,0.002734066121906018
2023-06-06,-0.0061491490494665095
2023-06-07,0.008132628744890954
2023-06-08,-0.0011840381163204412
2023-06-09,-0.0006970945126258709
2023-06-12,-0.006155627675039228
2023-06-13,0.0009565567583113424
2023-06-14,-0.005074835134468286
2023-06-15,-0.0022312592868882954
2023-06-16,0.0014897355967086242
2023-06-20,0.0002807805484908711
2023-06-21,0.0003153213639795316
2023-06-22,-0.0017539000736011678
2023-06-23,-0.002053480612903109
2023-06-26,0.0034935806563605775
2023-06-27,-0.006032335897016257
2023-06-28,0.0025466934110969924
2023-06-29,-0.00446692507481913
2023-06-30,-0.006441835649074146
2023-07-03,0.001388912305960983
2023-07-05,-0.00027744766254176207
2023-07-06,0.00195377161699493
2023-07-07,0.0
2023-07-10,0.0
2023-07-11,0.0
2023-07-12,0.0
2023-07-13,0.0
2023-07-14,0.0010404094827293972
2023-07-17,-0.00029833293234257495
2023-07-18,0.0017392706100649697
2023-07-19,0.0026061533315022032
2023-07-20,0.005314992650149832
2023-07-21,0.0009103312142844063
2023-07-24,-0.0005563838973131359
2023-07-25,0.00035889746763035615
2023-07-26,0.004589750847236032
2023-07-27,0.0018931220638984752
2023-07-28,-0.0031671810706582195
2023-07-31,-0.00038166385833231703
2023-08-01,0.004882540661375129
2023-08-02,0.006865238586555236
2023-08-03,0.0007948062478242668
2023-08-04,0.005290011858209205
2023-08-07,-0.003908710264962081
2023-08-08,0.001962434642563386
2023-08-09,0.0005119680201188522
2023-08-10,0.0005849497814439021
2023-08-11,0.0034279027094966455
2023-08-14,0.0009332456140674882
2023-08-15,0.0027424780456629374
2023-08-16,3.459164091833598e-05
2023-08-17,0.0024017889600904054
2023-08-18,0.0003268022890088124
2023-08-21,0.00027770284685336207
2023-08-22,0.0010897095075757667
2023-08-23,-0.0006534795538009978
2023-08-24,0.0018874253378550376
2023-08-25,-0.0006284752263388913
2023-08-28,-0.0006747663368164741
2023-08-29,-0.0015412140524346323
2023-08-30,0.00025135863001975585
2023-08-31,-0.00030393296052953544
2023-09-01,0.0012790639610239555
2023-09-05,-9.19798008763929e-05
2023-09-06,-0.00015532288717395306
2023-09-07,0.00021456549270364972
2023-09-08,-0.0011187366351743564
2023-09-11,-5.9233410888970967e-05
2023-09-12,-0.00025040308520834657
2023-09-13,7.097399112936926e-05
2023-09-14,-0.0022271854668040494
2023-09-15,0.000360737953174843
2023-09-18,-0.002150352814103484
2023-09-19,-0.0013299107675405282
2023-09-20,0.0019773612605200335
2023-09-21,0.0018039979725164548
2023-09-22,-0.0003894666467133791
2023-09-25,7.64539571120916e-06
2023-09-26,0.0011529225322037533
2023-09-27,-0.0032905636531343385
2023-09-28,-0.002063614741827608
2023-09-29,0.0025502295091121632
2023-10-02,-0.002086201735899148
2023-10-03,0.0005626914878305563
2023-10-04,-0.002412741060534265
2023-10-05,0.000501018745620148
2023-10-06,0.0008115159051369448
2023-10-09,-0.0009917270385961915
2023-10-10,0.00016482488374343327
2023-10-11,-0.0014460986479844986
2023-10-12,0.0020865604169442845
2023-10-13,-0.000569635864481565
2023-10-16,-0.0014326484740882445
2023-10-17,-0.0012637337106195864
2023-10-18,0.00012295415132777674
2023-10-19,0.002192521504223196
2023-10-20,0.0026466568652544274
2023-10-23,0.0002564089143841166
2023-10-24,-9.045570918750603e-05
2023-10-25,0.003353872043398138
2023-10-26,0.00350562976606866
2023-10-27,0.0033172035865567757
2023-10-30,-0.003897080690581722
2023-10-31,0.005358827098130356
2023-11-01,-0.0014984081798648323
2023-11-02,0.0056124121687797885
2023-11-03,0.0012036527421843879
2023-11-06,-0.005431597952780274
2023-11-07,0.0010227170947169004
2023-11-08,-0.0020646549755026626
2023-11-09,-0.0005717228689994883
2023-11-10,0.00046970145465646324
2023-11-13,-0.0013084618875511531
2023-11-14,0.0034387440520193446
2023-11-15,2.086552217444257e-05
2023-11-16,-0.00594238830958335
2023-11-17,0.006437108215442392
2023-11-20,1.2174172651794116e-06
2023-11-21,0.001018258827466939
2023-11-22,-6.04926874480675e-05
2023-11-24,0.0006918355787410779
2023-11-27,-0.0018762732571491318
2023-11-28,0.0001745993905795716
2023-11-29,0.0017664679353707696
2023-11-30,0.0018488175743409088
2023-12-01,0.0005761471631553002
2023-12-04,-1.8842738208116228e-05
2023-12-05,-0.0002302587934331263
2023-12-06,-0.00025426397553680554
2023-12-07,-0.00136947749035374
2023-12-08,0.000996357269781599
2023-12-11,-0.004904820766026173
2023-12-12,-0.0021651322290651997
2023-12-13,-0.0021934989803091675
2023-12-14,0.00025118349944349804
2023-12-15,-0.0034526151364362412
2023-12-18,-0.0038705674850454228
2023-12-19,-0.0008420727829420905
2023-12-20,0.0024867691243631086
2023-12-21,-0.002492380209550837
2023-12-22,0.00026613923964628993
2023-12-26,-0.0005197747998053855
2023-12-27,1.1808892352796097e-05
2023-12-28,0.00010401497353995195
2023-12-29,0.00017324966356492834
